"ID","Name","Phone","Company","Zip","City","Date"
"1","Jennifer","1-342-463-8341","Et Rutrum Non Associates","35728","Fogo","03/04/14"
"2","Clark","1-516-859-1120","Nam Ac Inc.","7162","Machelen","03/23/13"
"3","Brendan","1-724-406-2487","Enim Commodo Limited","98611","Norman","02/13/14"
"4","Warren","1-412-485-9725","Odio Etiam Institute","10312","Sautin","01/01/13"
"5","Rajah","1-849-642-8777","Neque Ltd","29131","Glovertown","02/16/13"
"6","Demetrius","1-470-329-9627","Euismod In Ltd","1883","Kapolei","03/15/13"
"7","Keefe","1-188-191-2346","Molestie Industries","2211BM","Modena","07/08/13"
"8","Leila","1-663-655-8904","Est LLC","75286","Hondelange","12/09/12"
"9","Fritz","1-598-234-7837","Et Ultrices Posuere Institute","2324","Monte San Pietrangeli","12/29/12"
"10","Cassady","1-212-965-8381","Vitae Erat Vel Company","5898","Huntly","10/07/13"
"11","Rogan","1-541-654-9030","Iaculis Incorporated","6464JN","Carson City","05/30/13"
"12","Candice","1-153-708-6027","Pellentesque Company","8565","Redruth","02/25/14"
"13","Brittany","1-987-452-6038","Suspendisse Inc.","4031","Carapicuíba","10/13/13"
"14","Baxter","1-281-147-5085","Nulla Donec Non Associates","53067","Yellowknife","08/14/14"
"15","Vaughan","1-940-231-1787","Metus Facilisis Lorem Incorporated","26530-046","Guarapuava","11/17/12"
"16","Ivan","1-314-209-1223","Posuere Vulputate Inc.","KX3W 1OI","Bienne-lez-Happart","03/04/14"
"17","Marah","1-348-582-4041","Feugiat Ltd","2128","Nîmes","11/29/12"
"18","Kiara","1-570-428-6681","Et Euismod Et Corp.","70483","Meeuwen","03/28/13"
"19","Brielle","1-216-787-0056","Quis Massa Mauris Institute","19913","Mombaruzzo","12/17/12"
"20","Kennedy","1-997-154-9340","Quis Diam Pellentesque Institute","3092FI","Edmundston","02/26/13"
"21","Peter","1-394-459-3833","Mauris Eu Turpis Corporation","27337","Ravenstein","06/05/14"
"22","Kibo","1-162-467-7160","Massa LLP","30305","Witney","08/20/14"
"23","Tanek","1-806-556-1897","Pharetra Nam Industries","84972","Abbotsford","05/03/14"
"24","Guinevere","1-850-940-6176","Montes Nascetur Limited","54983","Rio Grande","02/24/14"
"25","Ronan","1-168-544-4394","Nunc Inc.","12167","Pinkafeld","01/02/13"
"26","Kasper","1-153-221-5650","Rutrum Limited","M9N 0N6","Saint-G?ry","04/03/14"
"27","Otto","1-894-944-5767","Purus Maecenas Libero LLC","74552-602","Jauche","11/17/13"
"28","Brenda","1-783-562-8563","Sit Consulting","15632","Llandrindod Wells","08/13/14"
"29","Laith","1-482-317-8464","Tellus Limited","P8L 2V5","Codó","11/02/13"
"30","Ella","1-275-839-6518","Tincidunt Inc.","V8L 7Y0","Lummen","09/29/13"
"31","Hanae","1-339-661-4197","Nunc Incorporated","47931","South Burlington","05/19/14"
"32","Donna","1-236-575-1365","Ultricies Sem Incorporated","78685","Baranello","02/19/13"
"33","Bevis","1-955-717-0835","Est Ac Inc.","7424","Ichtegem","08/15/13"
"34","Celeste","1-368-137-6285","Tortor Nibh Sit Inc.","01318","Portobuffolè","05/28/14"
"35","Ila","1-315-684-6122","Gravida Sagittis Associates","4438PF","Keswick","11/22/13"
"36","Alana","1-586-261-7830","Nullam Industries","6044","Bacabal","03/04/13"
"37","Rowan","1-782-168-2387","Aliquet Consulting","33000","Papasidero","02/06/14"
"38","Eric","1-161-390-1140","Odio Institute","5652","Moliterno","03/14/13"
"39","Dana","1-989-320-2205","Bibendum Fermentum Institute","X31 1HZ","Saint-Pierre","02/25/13"
"40","Karleigh","1-218-513-8714","Duis Volutpat Inc.","1356","Fresno","06/09/14"
"41","Malik","1-869-972-9871","Praesent Luctus Curabitur Limited","V3Y 0P0","Roxboro","05/09/14"
"42","May","1-462-220-8205","Suspendisse Dui LLP","4765","Mold","06/15/13"
"43","Alan","1-478-769-3709","Suspendisse Inc.","7354AC","Norfolk","03/09/14"
"44","Anastasia","1-589-358-5285","Mus Proin Institute","33244","Montbliart","06/18/14"
"45","Yardley","1-422-907-2926","Urna Et LLP","88531","Évreux","05/23/14"
"46","Oscar","1-476-548-4758","Nunc Id Enim Institute","T5Z 4YS","Burlington","08/26/14"
"47","Hasad","1-397-946-7346","Auctor Nunc Corp.","2307HU","Savona","10/29/13"
"48","Mohammad","1-984-931-7753","Ultricies Dignissim LLP","4718","Nadrin","12/08/13"
"49","Nissim","1-739-146-3150","Lacus Ltd","UX95 5JM","Veere","08/19/14"
"50","Porter","1-299-790-1428","Aliquam LLC","41708","Montaldo Bormida","11/02/12"
"51","Sophia","1-413-195-0820","Viverra Maecenas Iaculis Ltd","83468","Doetinchem","09/28/13"
"52","Acton","1-855-937-9214","Vitae Sodales Company","1757","Bad Oldesloe","04/13/13"
"53","Briar","1-846-339-0222","Congue Turpis In Limited","51510","Caerphilly","02/06/13"
"54","Benjamin","1-828-436-8902","Aliquam Nec Enim Ltd","4289GW","Holyhead","12/17/13"
"55","Gregory","1-782-119-9191","A PC","14531","Águas Lindas de Goiás","04/11/14"
"56","Marny","1-255-275-2769","Malesuada Institute","41706","Montaldo Bormida","12/19/13"
"57","Indira","1-215-687-1488","Augue Id Ante PC","42010","Lorient","09/02/13"
"58","Fleur","1-309-181-4794","Libero Donec Consectetuer Corp.","ZD4H 3NF","Valleyview","01/13/14"
"59","Fulton","1-380-339-9492","Vulputate LLP","01154","Blois","04/16/13"
"60","Arsenio","1-794-184-3132","Nec Diam Duis Ltd","91908","Foligno","05/24/13"
"61","Jaden","1-979-292-4559","Vestibulum Ante Industries","2724","Bertogne","06/16/14"
"62","Kylie","1-900-819-9083","Arcu Vestibulum Ut Incorporated","E6R 8N1","Scandriglia","03/19/14"
"63","Melyssa","1-911-370-2794","Pede Sagittis Augue Ltd","37293","Frauenkirchen","08/31/13"
"64","Jerry","1-501-422-6929","Nonummy Ut Molestie LLP","9024","Nossegem","07/22/13"
"65","Rhiannon","1-188-451-3938","Elit Pellentesque Consulting","12283","College","08/16/14"
"66","Price","1-769-162-9068","Vitae Erat Vivamus Corp.","6843","Villata","08/18/14"
"67","Ginger","1-263-395-0268","Ligula Institute","1979","Rodengo/Rodeneck","06/14/13"
"68","Britanney","1-121-616-0992","Nec Diam LLP","07095","Queanbeyan","09/01/13"
"69","Wylie","1-736-996-8984","Arcu Industries","7587LK","Fauglia","01/24/13"
"70","Holly","1-210-117-9053","Adipiscing Incorporated","9053","Dortmund","04/21/13"
"71","Althea","1-525-409-7849","Vel Company","20125","Qualicum Beach","09/27/13"
"72","Quintessa","1-947-731-6466","Nunc Interdum Foundation","3260","Llandrindod Wells","04/06/13"
"73","Fitzgerald","1-725-747-2841","Torquent Associates","01688-439","Manchester","02/06/14"
"74","Keefe","1-672-945-4291","Mollis Dui PC","73231","Hillsboro","06/24/13"
"75","Rudyard","1-504-162-2567","Ipsum Curabitur Consequat Foundation","Xxxx","Kimberly","12/12/13"
"76","Kareem","1-716-663-9703","In Ltd","2707","Legal","01/29/14"
"77","Genevieve","1-361-358-3030","Mi PC","4995","Crieff","04/25/13"
"78","Wang","1-806-922-8622","Lacinia Vitae Corporation","1850UC","Rudiano","04/05/14"
"79","Odessa","1-983-915-7779","Dolor Donec Corporation","L2M 1L6","Siddi","01/05/13"
"80","Adrienne","1-771-540-3805","Eu Lacus Incorporated","2116","Lincoln","09/13/14"
"81","Charity","1-749-804-8328","Aenean Sed Pede Foundation","14470-440","Haverfordwest","08/01/13"
"82","Kieran","1-333-507-3878","Malesuada Ut Sem Corp.","W3C 3PM","Croydon","10/30/13"
"83","Alika","1-544-422-1437","Integer Tincidunt Company","Xxxx","Plymouth","12/26/12"
"84","Shay","1-530-583-8669","Diam LLP","63260","College","08/20/14"
"85","Cailin","1-415-254-8139","Placerat Eget Foundation","L3M 4R6","Jonqui?re","09/12/14"
"86","Xena","1-979-983-1456","Tellus Eu Augue Associates","09703-746","Angleur","05/21/13"
"87","Walker","1-380-277-2755","Sollicitudin A Malesuada Corporation","60019","Toronto","06/11/14"
"88","Adena","1-756-948-8416","Diam Ltd","B7T 5X7","Stene","05/30/14"
"89","Bradley","1-800-808-3688","Nunc Quis LLC","83932-949","Uppingham. Cottesmore","11/05/13"
"90","Yvette","1-843-923-0038","Eget Metus PC","47936","Feira de Santana","06/27/14"
"91","Neil","1-550-664-4050","Aenean Euismod LLP","28842","Corby","07/27/14"
"92","Hunter","1-637-483-4408","In Nec Orci LLC","49338","Cleveland","01/15/13"
"93","Marcia","1-512-896-6301","Et Risus Industries","74123","Quinte West","09/30/13"
"94","Lavinia","1-222-745-5312","Nulla Interdum Curabitur LLC","3531","Assiniboia","01/12/13"
"95","Cynthia","1-392-134-2788","Nunc Ut Erat Company","I27 5OS","Pagazzano","05/20/13"
"96","Lee","1-128-816-7274","Litora Torquent Per PC","11386","Mazzano Romano","04/18/14"
"97","Linda","1-546-735-8920","Dis Parturient Montes Associates","64629","Ferlach","03/29/14"
"98","Wayne","1-744-647-6144","In Industries","Xxxx","Memphis","06/11/14"
"99","Liberty","1-841-489-1665","Sed Sem Limited","27504-649","Olivola","05/24/14"
"100","Cathleen","1-883-567-6065","Eu Corporation","4286","Rotheux-Rimi?re","07/16/13"